<?xml version="1.0" encoding="UTF-8"?>
<project-private xmlns="http://www.netbeans.org/ns/project-private/1">
    <editor-bookmarks xmlns="http://www.netbeans.org/ns/editor-bookmarks/2" lastBookmarkId="0"/>
    <open-files xmlns="http://www.netbeans.org/ns/projectui-open-files/2">
        <group>
            <file>file:/D:/Demo/src/Server/Cls_RMI_Interface_Imp.java</file>
            <file>file:/D:/Demo/src/CLient/Customer_Billing.java</file>
            <file>file:/D:/Demo/src/CLient/FrmFoodItem.java</file>
            <file>file:/D:/Demo/src/CLient/FrmIntCustomer.java</file>
            <file>file:/D:/Demo/src/CLient/IntFrmtUserAdd.java</file>
            <file>file:/D:/Demo/src/CLient/OrderFood.java</file>
            <file>file:/D:/Demo/src/CLient/OrderBeverage.java</file>
            <file>file:/D:/Demo/src/CLient/MainPage.java</file>
            <file>file:/D:/Demo/src/CLient/FrmIntCatagory.java</file>
        </group>
    </open-files>
</project-private>
